SeqNo,Date,UTC Time,Time,IOvector
1,1/17/2019,06:56.1, 000:00:01.004,682
2,1/17/2019,08:33.0, 000:01:37.973,262826
3,1/17/2019,08:33.1, 000:01:38.086,262824
4,1/17/2019,08:33.4, 000:01:38.310,524969
5,1/17/2019,08:33.5, 000:01:38.435,524968
6,1/17/2019,08:33.7, 000:01:38.688,4194986
7,1/17/2019,08:34.5, 000:01:39.459,4197034
8,1/17/2019,08:34.7, 000:01:39.665,4198058
9,1/17/2019,08:35.2, 000:01:40.149,4196010
10,1/17/2019,08:35.3, 000:01:40.283,4194986
11,1/17/2019,08:35.4, 000:01:40.358,4196010
12,1/17/2019,08:35.5, 000:01:40.437,4194986
13,1/17/2019,08:35.8, 000:01:40.764,4211370
14,1/17/2019,08:36.8, 000:01:41.778,4194986
15,1/17/2019,08:37.3, 000:01:42.261,74410
16,1/17/2019,08:37.4, 000:01:42.361,74282
17,1/17/2019,08:37.6, 000:01:42.547,66090
18,1/17/2019,08:37.7, 000:01:42.613,618
19,1/17/2019,08:37.7, 000:01:42.670,554
20,1/17/2019,08:38.0, 000:01:42.906,682
21,1/17/2019,08:39.0, 000:01:43.908,1049258
22,1/17/2019,08:39.0, 000:01:43.980,1049250
23,1/17/2019,08:39.3, 000:01:44.238,2097830
24,1/17/2019,08:39.4, 000:01:44.345,2097826
25,1/17/2019,08:39.7, 000:01:44.625,4194986
26,1/17/2019,08:43.7, 000:01:48.696,4211370
27,1/17/2019,08:44.7, 000:01:49.626,4194986
28,1/17/2019,08:45.2, 000:01:50.166,4203178
29,1/17/2019,08:46.2, 000:01:51.096,4194986
30,1/17/2019,08:46.7, 000:01:51.617,37546
31,1/17/2019,08:46.8, 000:01:51.700,37514
32,1/17/2019,08:46.9, 000:01:51.829,33418
33,1/17/2019,08:47.0, 000:01:51.992,666
34,1/17/2019,08:47.1, 000:01:52.057,650
35,1/17/2019,08:47.4, 000:01:52.304,682
36,1/17/2019,08:48.4, 000:01:53.307,262826
37,1/17/2019,08:48.5, 000:01:53.409,262824
38,1/17/2019,08:48.7, 000:01:53.644,524969
39,1/17/2019,08:48.8, 000:01:53.772,524968
40,1/17/2019,08:49.1, 000:01:54.024,4194986
41,1/17/2019,08:49.8, 000:01:54.744,4197034
42,1/17/2019,08:49.8, 000:01:54.757,4198058
43,1/17/2019,08:50.8, 000:01:55.723,4196010
44,1/17/2019,08:50.9, 000:01:55.796,4194986
45,1/17/2019,08:51.1, 000:01:56.060,4211370
46,1/17/2019,08:52.2, 000:01:57.103,4194986
47,1/17/2019,08:52.6, 000:01:57.535,74410
48,1/17/2019,08:52.7, 000:01:57.612,74282
49,1/17/2019,08:52.8, 000:01:57.733,66090
50,1/17/2019,08:52.8, 000:01:57.742,74282
51,1/17/2019,08:52.8, 000:01:57.766,66090
52,1/17/2019,08:52.9, 000:01:57.878,618
53,1/17/2019,08:53.0, 000:01:57.934,554
54,1/17/2019,08:53.2, 000:01:58.170,682
55,1/17/2019,08:54.2, 000:01:59.172,1049258
56,1/17/2019,08:54.3, 000:01:59.233,1049250
57,1/17/2019,08:54.6, 000:01:59.497,2097830
58,1/17/2019,08:54.7, 000:01:59.607,2097826
59,1/17/2019,08:54.9, 000:01:59.885,4194986
60,1/17/2019,08:59.0, 000:02:03.975,4211370
61,1/17/2019,09:00.0, 000:02:04.907,4194986
62,1/17/2019,09:00.5, 000:02:05.448,4203178
63,1/17/2019,09:01.4, 000:02:06.379,4194986
64,1/17/2019,09:02.0, 000:02:06.899,37546
65,1/17/2019,09:02.0, 000:02:06.970,37514
66,1/17/2019,09:02.1, 000:02:07.095,33418
67,1/17/2019,09:02.3, 000:02:07.267,666
68,1/17/2019,09:02.4, 000:02:07.332,650
69,1/17/2019,09:02.6, 000:02:07.578,682
70,1/17/2019,09:03.6, 000:02:08.580,262826
71,1/17/2019,09:03.7, 000:02:08.683,262824
72,1/17/2019,09:04.0, 000:02:08.923,524969
73,1/17/2019,09:04.1, 000:02:09.053,524968
74,1/17/2019,09:04.4, 000:02:09.305,4194986
75,1/17/2019,09:05.1, 000:02:10.023,4196010
76,1/17/2019,09:05.5, 000:02:10.474,4198058
77,1/17/2019,09:06.1, 000:02:11.001,4196010
78,1/17/2019,09:06.1, 000:02:11.040,4194986
79,1/17/2019,09:06.4, 000:02:11.305,4211370
80,1/17/2019,09:07.4, 000:02:12.325,4194986
81,1/17/2019,09:07.9, 000:02:12.795,74410
82,1/17/2019,09:07.9, 000:02:12.869,74282
83,1/17/2019,09:08.1, 000:02:13.036,66090
84,1/17/2019,09:08.2, 000:02:13.136,618
85,1/17/2019,09:08.2, 000:02:13.192,554
86,1/17/2019,09:08.5, 000:02:13.428,682
87,1/17/2019,09:09.5, 000:02:14.430,1049258
88,1/17/2019,09:09.5, 000:02:14.494,1049250
89,1/17/2019,09:09.8, 000:02:14.759,2097830
90,1/17/2019,09:09.9, 000:02:14.874,2097826
91,1/17/2019,09:10.2, 000:02:15.153,4194986
92,1/17/2019,09:12.9, 000:02:17.887,4196010
93,1/17/2019,09:14.0, 000:02:18.948,4194986
94,1/17/2019,09:14.2, 000:02:19.187,148138
95,1/17/2019,09:14.3, 000:02:19.253,147626
96,1/17/2019,09:14.5, 000:02:19.399,131242
97,1/17/2019,09:14.6, 000:02:19.517,426
98,1/17/2019,09:14.6, 000:02:19.575,170
99,1/17/2019,09:14.9, 000:02:19.819,682
100,1/17/2019,09:15.9, 000:02:20.821,262826
101,1/17/2019,09:16.0, 000:02:20.924,262824
102,1/17/2019,09:16.2, 000:02:21.155,524969
103,1/17/2019,09:16.3, 000:02:21.288,524968
104,1/17/2019,09:16.6, 000:02:21.538,4194986
105,1/17/2019,09:17.3, 000:02:22.260,4197034
106,1/17/2019,09:17.3, 000:02:22.274,4198058
107,1/17/2019,09:18.2, 000:02:23.185,4196010
108,1/17/2019,09:18.4, 000:02:23.318,4194986
109,1/17/2019,09:18.6, 000:02:23.584,4211370
110,1/17/2019,09:19.7, 000:02:24.630,4194986
111,1/17/2019,09:20.1, 000:02:25.066,74410
112,1/17/2019,09:20.2, 000:02:25.140,74282
113,1/17/2019,09:20.3, 000:02:25.227,66090
114,1/17/2019,09:20.5, 000:02:25.407,618
115,1/17/2019,09:20.5, 000:02:25.463,554
116,1/17/2019,09:20.8, 000:02:25.700,682
117,1/17/2019,09:21.8, 000:02:26.702,1049258
118,1/17/2019,09:21.8, 000:02:26.771,1049250
119,1/17/2019,09:22.1, 000:02:27.039,2097830
120,1/17/2019,09:22.2, 000:02:27.156,2097826
121,1/17/2019,09:22.5, 000:02:27.435,4194986
122,1/17/2019,09:26.6, 000:02:31.532,4211370
123,1/17/2019,09:27.5, 000:02:32.453,4194986
124,1/17/2019,09:28.1, 000:02:33.002,4203178
125,1/17/2019,09:29.0, 000:02:33.928,4194986
126,1/17/2019,09:29.5, 000:02:34.460,37546
127,1/17/2019,09:29.6, 000:02:34.530,37514
128,1/17/2019,09:29.7, 000:02:34.651,33418
129,1/17/2019,09:29.9, 000:02:34.829,666
130,1/17/2019,09:29.9, 000:02:34.894,650
131,1/17/2019,09:30.2, 000:02:35.140,682
132,1/17/2019,09:31.2, 000:02:36.143,262826
133,1/17/2019,09:31.3, 000:02:36.242,262824
134,1/17/2019,09:31.5, 000:02:36.481,524969
135,1/17/2019,09:31.7, 000:02:36.612,524968
136,1/17/2019,09:31.9, 000:02:36.867,4194986
137,1/17/2019,09:32.6, 000:02:37.576,4196010
138,1/17/2019,09:33.2, 000:02:38.119,4196010
139,1/17/2019,09:33.5, 000:02:38.491,4194986
140,1/17/2019,09:33.6, 000:02:38.545,4196010
141,1/17/2019,09:33.7, 000:02:38.616,4194986
142,1/17/2019,09:33.9, 000:02:38.890,4211370
143,1/17/2019,09:35.0, 000:02:39.931,4194986
144,1/17/2019,09:35.4, 000:02:40.371,74410
145,1/17/2019,09:35.5, 000:02:40.444,74282
146,1/17/2019,09:35.6, 000:02:40.548,66090
147,1/17/2019,09:35.8, 000:02:40.712,618
148,1/17/2019,09:35.8, 000:02:40.768,554
149,1/17/2019,09:36.1, 000:02:41.004,682
150,1/17/2019,09:37.1, 000:02:42.006,1049258
151,1/17/2019,09:37.1, 000:02:42.070,1049250
152,1/17/2019,09:37.4, 000:02:42.337,2097830
153,1/17/2019,09:37.5, 000:02:42.450,2097826
154,1/17/2019,09:37.8, 000:02:42.733,4194986
155,1/17/2019,09:40.5, 000:02:45.459,4196010
156,1/17/2019,09:41.6, 000:02:46.525,4194986
157,1/17/2019,09:41.8, 000:02:46.762,148138
158,1/17/2019,09:41.9, 000:02:46.803,147626
159,1/17/2019,09:42.0, 000:02:46.987,131242
160,1/17/2019,09:42.1, 000:02:47.082,426
161,1/17/2019,09:42.2, 000:02:47.141,170
162,1/17/2019,09:42.4, 000:02:47.384,682
163,1/17/2019,09:43.4, 000:02:48.386,262826
164,1/17/2019,09:43.5, 000:02:48.484,262824
165,1/17/2019,09:43.8, 000:02:48.726,524969
166,1/17/2019,09:43.9, 000:02:48.855,524968
167,1/17/2019,09:44.2, 000:02:49.108,4194986
168,1/17/2019,09:44.9, 000:02:49.846,4197034
169,1/17/2019,09:45.0, 000:02:49.920,4198058
170,1/17/2019,09:45.0, 000:02:49.966,4197034
171,1/17/2019,09:45.1, 000:02:50.062,4198058
172,1/17/2019,09:45.7, 000:02:50.695,4197034
173,1/17/2019,09:45.9, 000:02:50.853,4194986
174,1/17/2019,09:46.2, 000:02:51.156,4211370
175,1/17/2019,09:47.2, 000:02:52.171,4194986
176,1/17/2019,09:47.7, 000:02:52.657,74410
177,1/17/2019,09:47.8, 000:02:52.729,74282
178,1/17/2019,09:48.0, 000:02:52.928,66090
179,1/17/2019,09:48.1, 000:02:52.998,618
180,1/17/2019,09:48.1, 000:02:53.053,554
181,1/17/2019,09:48.3, 000:02:53.290,682
182,1/17/2019,09:49.3, 000:02:54.293,1049258
183,1/17/2019,09:49.4, 000:02:54.359,1049250
184,1/17/2019,09:49.7, 000:02:54.626,2097830
185,1/17/2019,09:49.8, 000:02:54.746,2097826
186,1/17/2019,09:50.1, 000:02:55.028,4194986
187,1/17/2019,09:52.8, 000:02:57.754,4196010
188,1/17/2019,09:53.9, 000:02:58.830,4194986
189,1/17/2019,09:54.1, 000:02:59.064,148138
190,1/17/2019,09:54.2, 000:02:59.101,147626
191,1/17/2019,09:54.3, 000:02:59.282,131242
192,1/17/2019,09:54.4, 000:02:59.382,426
193,1/17/2019,09:54.5, 000:02:59.441,170
194,1/17/2019,09:54.7, 000:02:59.683,682
195,1/17/2019,09:55.7, 000:03:00.686,262826
196,1/17/2019,09:55.8, 000:03:00.790,262824
197,1/17/2019,09:56.1, 000:03:01.026,524969
198,1/17/2019,09:56.2, 000:03:01.154,524968
199,1/17/2019,09:56.5, 000:03:01.407,4194986
200,1/17/2019,09:57.2, 000:03:02.116,4197034
201,1/17/2019,09:58.2, 000:03:03.113,4196010
202,1/17/2019,09:58.2, 000:03:03.176,4194986
203,1/17/2019,09:58.5, 000:03:03.440,4211370
204,1/17/2019,09:59.5, 000:03:04.488,4194986
205,1/17/2019,10:00.0, 000:03:04.920,74410
206,1/17/2019,10:00.1, 000:03:04.995,74282
207,1/17/2019,10:00.1, 000:03:05.087,66090
208,1/17/2019,10:00.3, 000:03:05.261,618
209,1/17/2019,10:00.4, 000:03:05.317,554
210,1/17/2019,10:00.6, 000:03:05.554,682
211,1/17/2019,10:01.6, 000:03:06.556,1049258
212,1/17/2019,10:01.7, 000:03:06.617,1049250
213,1/17/2019,10:01.9, 000:03:06.883,2097830
214,1/17/2019,10:02.1, 000:03:06.995,2097826
215,1/17/2019,10:02.3, 000:03:07.277,4194986
216,1/17/2019,10:06.4, 000:03:11.386,4211370
217,1/17/2019,10:07.4, 000:03:12.314,4194986
218,1/17/2019,10:07.9, 000:03:12.864,4203178
219,1/17/2019,10:08.8, 000:03:13.791,4194986
220,1/17/2019,10:09.4, 000:03:14.319,37546
221,1/17/2019,10:09.4, 000:03:14.392,37514
222,1/17/2019,10:09.6, 000:03:14.520,33418
223,1/17/2019,10:09.7, 000:03:14.689,666
224,1/17/2019,10:09.8, 000:03:14.755,650
225,1/17/2019,10:10.1, 000:03:15.001,682
226,1/17/2019,10:11.1, 000:03:16.004,262826
227,1/17/2019,10:11.2, 000:03:16.105,262824
228,1/17/2019,10:11.4, 000:03:16.356,524969
229,1/17/2019,10:11.5, 000:03:16.486,524968
230,1/17/2019,10:11.8, 000:03:16.738,4194986
231,1/17/2019,10:12.5, 000:03:17.457,4196010
232,1/17/2019,10:12.6, 000:03:17.539,4198058
233,1/17/2019,10:13.4, 000:03:18.314,4197034
234,1/17/2019,10:13.4, 000:03:18.335,4194986
235,1/17/2019,10:13.5, 000:03:18.401,4196010
236,1/17/2019,10:13.5, 000:03:18.466,4194986
237,1/17/2019,10:13.8, 000:03:18.756,4211370
238,1/17/2019,10:14.8, 000:03:19.774,4194986
239,1/17/2019,10:15.3, 000:03:20.249,74410
240,1/17/2019,10:15.4, 000:03:20.320,74282
241,1/17/2019,10:15.6, 000:03:20.517,66090
242,1/17/2019,10:15.7, 000:03:20.591,618
243,1/17/2019,10:15.7, 000:03:20.645,554
244,1/17/2019,10:15.9, 000:03:20.882,682
245,1/17/2019,10:16.9, 000:03:21.885,1049258
246,1/17/2019,10:17.0, 000:03:21.950,1049250
247,1/17/2019,10:17.3, 000:03:22.212,2097830
248,1/17/2019,10:17.4, 000:03:22.323,2097826
249,1/17/2019,10:17.7, 000:03:22.603,4194986
250,1/17/2019,10:20.4, 000:03:25.350,4196010
251,1/17/2019,10:21.5, 000:03:26.421,4194986
252,1/17/2019,10:21.7, 000:03:26.663,148138
253,1/17/2019,10:21.8, 000:03:26.704,147626
254,1/17/2019,10:21.9, 000:03:26.870,131242
255,1/17/2019,10:22.0, 000:03:26.982,426
256,1/17/2019,10:22.1, 000:03:27.040,170
257,1/17/2019,10:22.3, 000:03:27.283,682
258,1/17/2019,10:23.3, 000:03:28.285,262826
259,1/17/2019,10:23.4, 000:03:28.389,262824
260,1/17/2019,10:23.7, 000:03:28.618,524969
261,1/17/2019,10:23.8, 000:03:28.746,524968
262,1/17/2019,10:24.1, 000:03:28.996,4194986
263,1/17/2019,10:24.8, 000:03:29.717,4197034
264,1/17/2019,10:24.8, 000:03:29.737,4198058
265,1/17/2019,10:25.8, 000:03:30.699,4196010
266,1/17/2019,10:25.8, 000:03:30.777,4194986
267,1/17/2019,10:26.1, 000:03:31.040,4211370
268,1/17/2019,10:27.1, 000:03:32.087,4194986
269,1/17/2019,10:27.6, 000:03:32.523,74410
270,1/17/2019,10:27.7, 000:03:32.598,74282
271,1/17/2019,10:27.8, 000:03:32.745,66090
272,1/17/2019,10:27.9, 000:03:32.865,618
273,1/17/2019,10:28.0, 000:03:32.920,554
274,1/17/2019,10:28.2, 000:03:33.158,682
275,1/17/2019,10:29.2, 000:03:34.160,1049258
276,1/17/2019,10:29.3, 000:03:34.224,1049250
277,1/17/2019,10:29.5, 000:03:34.486,2097830
278,1/17/2019,10:29.7, 000:03:34.597,2097826
279,1/17/2019,10:29.9, 000:03:34.876,4194986
280,1/17/2019,10:34.1, 000:03:39.007,4211370
281,1/17/2019,10:35.0, 000:03:39.928,4194986
282,1/17/2019,10:35.5, 000:03:40.479,4203178
283,1/17/2019,10:36.5, 000:03:41.406,4194986
284,1/17/2019,10:37.0, 000:03:41.937,37546
285,1/17/2019,10:37.1, 000:03:42.009,37514
286,1/17/2019,10:37.2, 000:03:42.123,33418
287,1/17/2019,10:37.4, 000:03:42.307,666
288,1/17/2019,10:37.4, 000:03:42.372,650
289,1/17/2019,10:37.7, 000:03:42.618,682
290,1/17/2019,10:38.7, 000:03:43.621,262826
291,1/17/2019,10:38.8, 000:03:43.721,262824
292,1/17/2019,10:39.0, 000:03:43.959,524969
293,1/17/2019,10:39.1, 000:03:44.092,524968
294,1/17/2019,10:39.4, 000:03:44.347,4194986
295,1/17/2019,10:40.1, 000:03:45.076,4196010
296,1/17/2019,10:40.7, 000:03:45.623,4196010
297,1/17/2019,10:41.0, 000:03:45.992,4194986
298,1/17/2019,10:41.1, 000:03:46.047,4196010
299,1/17/2019,10:41.2, 000:03:46.119,4194986
300,1/17/2019,10:41.5, 000:03:46.396,4211370
301,1/17/2019,10:42.5, 000:03:47.435,4194986
302,1/17/2019,10:42.9, 000:03:47.878,74410
303,1/17/2019,10:43.0, 000:03:47.955,74282
304,1/17/2019,10:43.2, 000:03:48.101,66090
305,1/17/2019,10:43.3, 000:03:48.220,618
306,1/17/2019,10:43.3, 000:03:48.275,554
307,1/17/2019,10:43.6, 000:03:48.513,682
308,1/17/2019,10:44.6, 000:03:49.515,1049258
309,1/17/2019,10:44.6, 000:03:49.578,1049250
310,1/17/2019,10:44.9, 000:03:49.843,2097830
311,1/17/2019,10:45.0, 000:03:49.954,2097826
312,1/17/2019,10:45.3, 000:03:50.235,4194986
313,1/17/2019,10:49.4, 000:03:54.351,4211370
314,1/17/2019,10:50.3, 000:03:55.289,4194986
315,1/17/2019,10:50.9, 000:03:55.829,4203178
316,1/17/2019,10:51.8, 000:03:56.761,4194986
317,1/17/2019,10:52.3, 000:03:57.282,37546
318,1/17/2019,10:52.4, 000:03:57.355,37514
319,1/17/2019,10:52.5, 000:03:57.461,33418
320,1/17/2019,10:52.7, 000:03:57.650,666
321,1/17/2019,10:52.8, 000:03:57.716,650
322,1/17/2019,10:53.0, 000:03:57.962,682
323,1/17/2019,10:54.0, 000:03:58.964,262826
324,1/17/2019,10:54.1, 000:03:59.072,262824
325,1/17/2019,10:54.3, 000:03:59.294,524969
326,1/17/2019,10:54.5, 000:03:59.423,524968
327,1/17/2019,10:54.7, 000:03:59.677,4194986
328,1/17/2019,10:55.5, 000:04:00.413,4197034
329,1/17/2019,10:55.5, 000:04:00.495,4198058
330,1/17/2019,10:55.6, 000:04:00.533,4197034
331,1/17/2019,10:55.7, 000:04:00.626,4198058
332,1/17/2019,10:56.3, 000:04:01.249,4197034
333,1/17/2019,10:56.4, 000:04:01.375,4194986
334,1/17/2019,10:56.8, 000:04:01.718,4211370
335,1/17/2019,10:57.8, 000:04:02.736,4194986
336,1/17/2019,10:58.3, 000:04:03.228,74410
337,1/17/2019,10:58.4, 000:04:03.309,74282
338,1/17/2019,10:58.6, 000:04:03.496,66090
339,1/17/2019,10:58.6, 000:04:03.572,618
340,1/17/2019,10:58.7, 000:04:03.629,554
341,1/17/2019,10:58.9, 000:04:03.866,682
342,1/17/2019,10:59.9, 000:04:04.868,1049258
343,1/17/2019,11:00.0, 000:04:04.932,1049250
344,1/17/2019,11:00.3, 000:04:05.198,2097830
345,1/17/2019,11:00.4, 000:04:05.308,2097826
346,1/17/2019,11:00.6, 000:04:05.591,4194986
347,1/17/2019,11:03.4, 000:04:08.323,4196010
348,1/17/2019,11:04.5, 000:04:09.399,4194986
349,1/17/2019,11:04.7, 000:04:09.642,148138
350,1/17/2019,11:04.7, 000:04:09.687,147626
351,1/17/2019,11:04.9, 000:04:09.852,131242
352,1/17/2019,11:05.0, 000:04:09.964,426
353,1/17/2019,11:05.1, 000:04:10.022,170
354,1/17/2019,11:05.3, 000:04:10.266,682
355,1/17/2019,11:06.3, 000:04:11.268,262826
356,1/17/2019,11:06.4, 000:04:11.375,262824
357,1/17/2019,11:06.7, 000:04:11.616,524969
358,1/17/2019,11:06.8, 000:04:11.749,524968
359,1/17/2019,11:07.1, 000:04:12.003,4194986
360,1/17/2019,11:07.8, 000:04:12.732,4196010
361,1/17/2019,11:08.8, 000:04:13.747,4196010
362,1/17/2019,11:08.8, 000:04:13.773,4194986
363,1/17/2019,11:09.1, 000:04:14.030,4211370
364,1/17/2019,11:10.1, 000:04:15.076,4194986
365,1/17/2019,11:10.6, 000:04:15.510,74410
366,1/17/2019,11:10.6, 000:04:15.591,74282
367,1/17/2019,11:10.8, 000:04:15.747,66090
368,1/17/2019,11:10.9, 000:04:15.854,618
369,1/17/2019,11:11.0, 000:04:15.910,554
370,1/17/2019,11:11.2, 000:04:16.147,682
371,1/17/2019,11:12.2, 000:04:17.150,1049258
372,1/17/2019,11:12.3, 000:04:17.210,1049250
373,1/17/2019,11:12.5, 000:04:17.482,2097830
374,1/17/2019,11:12.6, 000:04:17.594,2097826
375,1/17/2019,11:12.9, 000:04:17.874,4194986
376,1/17/2019,11:17.0, 000:04:21.979,4211370
377,1/17/2019,11:18.0, 000:04:22.910,4194986
378,1/17/2019,11:18.5, 000:04:23.450,4203178
379,1/17/2019,11:19.4, 000:04:24.384,4194986
380,1/17/2019,11:20.0, 000:04:24.908,37546
381,1/17/2019,11:20.0, 000:04:24.986,37514
382,1/17/2019,11:20.2, 000:04:25.126,33418
383,1/17/2019,11:20.3, 000:04:25.278,666
384,1/17/2019,11:20.4, 000:04:25.345,650
385,1/17/2019,11:20.6, 000:04:25.590,682
386,1/17/2019,11:21.6, 000:04:26.593,262826
387,1/17/2019,11:21.8, 000:04:26.697,262824
388,1/17/2019,11:22.0, 000:04:26.937,524969
389,1/17/2019,11:22.1, 000:04:27.066,524968
390,1/17/2019,11:22.4, 000:04:27.320,4194986
391,1/17/2019,11:23.1, 000:04:28.042,4196010
392,1/17/2019,11:23.1, 000:04:28.086,4198058
393,1/17/2019,11:24.1, 000:04:29.023,4196010
394,1/17/2019,11:24.1, 000:04:29.061,4194986
395,1/17/2019,11:24.4, 000:04:29.341,4211370
396,1/17/2019,11:25.4, 000:04:30.356,4194986
397,1/17/2019,11:25.9, 000:04:30.828,74410
398,1/17/2019,11:26.0, 000:04:30.912,74282
399,1/17/2019,11:26.1, 000:04:31.068,66090
400,1/17/2019,11:26.2, 000:04:31.172,618
401,1/17/2019,11:26.3, 000:04:31.227,554
402,1/17/2019,11:26.5, 000:04:31.464,682
403,1/17/2019,11:27.5, 000:04:32.466,1049258
404,1/17/2019,11:27.6, 000:04:32.538,1049250
405,1/17/2019,11:27.9, 000:04:32.800,2097830
406,1/17/2019,11:28.0, 000:04:32.918,2097826
407,1/17/2019,11:28.3, 000:04:33.199,4194986
408,1/17/2019,11:31.0, 000:04:35.943,4196010
409,1/17/2019,11:32.1, 000:04:37.016,4194986
410,1/17/2019,11:32.3, 000:04:37.250,148138
411,1/17/2019,11:32.3, 000:04:37.293,147626
412,1/17/2019,11:32.5, 000:04:37.479,131242
413,1/17/2019,11:32.6, 000:04:37.571,426
414,1/17/2019,11:32.7, 000:04:37.630,170
415,1/17/2019,11:32.9, 000:04:37.873,682
416,1/17/2019,11:33.9, 000:04:38.875,262826
417,1/17/2019,11:34.0, 000:04:38.980,262824
418,1/17/2019,11:34.3, 000:04:39.210,524969
419,1/17/2019,11:34.4, 000:04:39.340,524968
420,1/17/2019,11:34.6, 000:04:39.593,4194986
421,1/17/2019,11:35.4, 000:04:40.309,4197034
422,1/17/2019,11:35.4, 000:04:40.333,4198058
423,1/17/2019,11:36.4, 000:04:41.331,4196010
424,1/17/2019,11:36.4, 000:04:41.373,4194986
425,1/17/2019,11:36.7, 000:04:41.636,4211370
426,1/17/2019,11:37.7, 000:04:42.686,4194986
427,1/17/2019,11:38.2, 000:04:43.119,74410
428,1/17/2019,11:38.3, 000:04:43.200,74282
429,1/17/2019,11:38.4, 000:04:43.347,66090
430,1/17/2019,11:38.5, 000:04:43.461,618
431,1/17/2019,11:38.6, 000:04:43.517,554
432,1/17/2019,11:38.8, 000:04:43.754,682
433,1/17/2019,11:39.8, 000:04:44.757,1049258
434,1/17/2019,11:39.9, 000:04:44.821,1049250
435,1/17/2019,11:40.1, 000:04:45.093,2097830
436,1/17/2019,11:40.3, 000:04:45.216,2097826
437,1/17/2019,11:40.5, 000:04:45.493,4194986
438,1/17/2019,11:43.3, 000:04:48.243,4196010
439,1/17/2019,11:44.4, 000:04:49.307,4194986
440,1/17/2019,11:44.6, 000:04:49.551,148138
441,1/17/2019,11:44.6, 000:04:49.589,147626
442,1/17/2019,11:44.8, 000:04:49.758,131242
443,1/17/2019,11:44.9, 000:04:49.870,426
444,1/17/2019,11:45.0, 000:04:49.930,170
445,1/17/2019,11:45.2, 000:04:50.173,682
446,1/17/2019,11:46.2, 000:04:51.175,262826
447,1/17/2019,11:46.3, 000:04:51.283,262824
448,1/17/2019,11:46.6, 000:04:51.516,524969
449,1/17/2019,11:46.7, 000:04:51.650,524968
450,1/17/2019,11:47.0, 000:04:51.905,4194986
451,1/17/2019,11:47.7, 000:04:52.619,4198058
452,1/17/2019,11:48.3, 000:04:53.194,4196010
453,1/17/2019,11:48.6, 000:04:53.537,4194986
454,1/17/2019,11:48.6, 000:04:53.593,4196010
455,1/17/2019,11:48.7, 000:04:53.664,4194986
456,1/17/2019,11:49.0, 000:04:53.939,4211370
457,1/17/2019,11:50.0, 000:04:54.980,4194986
458,1/17/2019,11:50.5, 000:04:55.420,74410
459,1/17/2019,11:50.6, 000:04:55.501,74282
460,1/17/2019,11:50.7, 000:04:55.649,66090
461,1/17/2019,11:50.8, 000:04:55.762,618
462,1/17/2019,11:50.9, 000:04:55.820,554
463,1/17/2019,11:51.1, 000:04:56.056,682
464,1/17/2019,11:52.1, 000:04:57.058,1049258
465,1/17/2019,11:52.2, 000:04:57.124,1049250
466,1/17/2019,11:52.4, 000:04:57.391,2097830
467,1/17/2019,11:52.6, 000:04:57.504,2097826
468,1/17/2019,11:52.8, 000:04:57.782,4194986
469,1/17/2019,11:56.9, 000:05:01.890,4211370
470,1/17/2019,11:57.9, 000:05:02.818,4194986
471,1/17/2019,11:58.4, 000:05:03.368,4203178
472,1/17/2019,11:59.3, 000:05:04.292,4194986
473,1/17/2019,11:59.9, 000:05:04.821,37546
474,1/17/2019,12:00.0, 000:05:04.900,37514
475,1/17/2019,12:00.1, 000:05:05.028,33418
476,1/17/2019,12:00.2, 000:05:05.192,666
477,1/17/2019,12:00.3, 000:05:05.257,650
478,1/17/2019,12:00.6, 000:05:05.504,682
479,1/17/2019,12:01.6, 000:05:06.506,262826
480,1/17/2019,12:01.7, 000:05:06.617,262824
481,1/17/2019,12:01.9, 000:05:06.858,524969
482,1/17/2019,12:02.0, 000:05:06.989,524968
483,1/17/2019,12:02.3, 000:05:07.244,4194986
484,1/17/2019,12:03.3, 000:05:08.201,4196010
485,1/17/2019,12:03.4, 000:05:08.332,4198058
486,1/17/2019,12:03.9, 000:05:08.821,4197034
487,1/17/2019,12:04.0, 000:05:08.943,4194986
488,1/17/2019,12:04.3, 000:05:09.276,4211370
489,1/17/2019,12:05.3, 000:05:10.292,4194986
490,1/17/2019,12:05.8, 000:05:10.777,74410
491,1/17/2019,12:05.9, 000:05:10.860,74282
492,1/17/2019,12:06.1, 000:05:11.029,66090
493,1/17/2019,12:06.2, 000:05:11.120,618
494,1/17/2019,12:06.2, 000:05:11.176,554
495,1/17/2019,12:06.5, 000:05:11.411,682
496,1/17/2019,12:07.5, 000:05:12.413,1049258
497,1/17/2019,12:07.5, 000:05:12.477,1049250
498,1/17/2019,12:07.8, 000:05:12.742,2097830
499,1/17/2019,12:07.9, 000:05:12.858,2097826
500,1/17/2019,12:08.2, 000:05:13.139,4194986
501,1/17/2019,12:10.9, 000:05:15.877,4196010
502,1/17/2019,12:12.0, 000:05:16.945,4194986
503,1/17/2019,12:12.2, 000:05:17.182,148138
504,1/17/2019,12:12.3, 000:05:17.224,147626
505,1/17/2019,12:12.5, 000:05:17.406,131242
506,1/17/2019,12:12.6, 000:05:17.502,426
507,1/17/2019,12:12.6, 000:05:17.561,170
508,1/17/2019,12:12.9, 000:05:17.804,682
509,1/17/2019,12:13.9, 000:05:18.807,262826
510,1/17/2019,12:14.0, 000:05:18.915,262824
511,1/17/2019,12:14.2, 000:05:19.146,524969
512,1/17/2019,12:14.3, 000:05:19.278,524968
513,1/17/2019,12:14.6, 000:05:19.531,4194986
514,1/17/2019,12:15.3, 000:05:20.263,4197034
515,1/17/2019,12:15.3, 000:05:20.271,4198058
516,1/17/2019,12:16.3, 000:05:21.210,4196010
517,1/17/2019,12:16.4, 000:05:21.317,4194986
518,1/17/2019,12:16.6, 000:05:21.584,4211370
519,1/17/2019,12:17.7, 000:05:22.632,4194986
520,1/17/2019,12:18.1, 000:05:23.067,74410
521,1/17/2019,12:18.2, 000:05:23.149,74282
522,1/17/2019,12:18.3, 000:05:23.290,66090
523,1/17/2019,12:18.5, 000:05:23.409,618
524,1/17/2019,12:18.5, 000:05:23.466,554
525,1/17/2019,12:18.8, 000:05:23.701,682
526,1/17/2019,12:19.8, 000:05:24.705,1049258
527,1/17/2019,12:19.8, 000:05:24.765,1049250
528,1/17/2019,12:20.1, 000:05:25.028,2097830
529,1/17/2019,12:20.2, 000:05:25.139,2097826
530,1/17/2019,12:20.5, 000:05:25.418,4194986
531,1/17/2019,12:24.6, 000:05:29.517,4211370
532,1/17/2019,12:25.5, 000:05:30.444,4194986
533,1/17/2019,12:26.0, 000:05:30.991,4203178
534,1/17/2019,12:27.0, 000:05:31.919,4194986
535,1/17/2019,12:27.5, 000:05:32.448,37546
536,1/17/2019,12:27.6, 000:05:32.528,37514
537,1/17/2019,12:27.7, 000:05:32.636,33418
538,1/17/2019,12:27.9, 000:05:32.820,666
539,1/17/2019,12:27.9, 000:05:32.886,650
540,1/17/2019,12:28.2, 000:05:33.132,682
541,1/17/2019,12:29.2, 000:05:34.136,262826
542,1/17/2019,12:29.3, 000:05:34.242,262824
543,1/17/2019,12:29.5, 000:05:34.483,524969
544,1/17/2019,12:29.7, 000:05:34.616,524968
545,1/17/2019,12:29.9, 000:05:34.870,4194986
546,1/17/2019,12:30.7, 000:05:35.600,4196010
547,1/17/2019,12:31.1, 000:05:36.076,4198058
548,1/17/2019,12:31.6, 000:05:36.545,4196010
549,1/17/2019,12:31.7, 000:05:36.615,4194986
550,1/17/2019,12:31.9, 000:05:36.893,4211370
551,1/17/2019,12:33.0, 000:05:37.907,4194986
552,1/17/2019,12:33.4, 000:05:38.384,74410
553,1/17/2019,12:33.5, 000:05:38.462,74282
554,1/17/2019,12:33.7, 000:05:38.634,66090
555,1/17/2019,12:33.8, 000:05:38.725,618
556,1/17/2019,12:33.8, 000:05:38.783,554
557,1/17/2019,12:34.1, 000:05:39.017,682
558,1/17/2019,12:35.1, 000:05:40.021,1049258
559,1/17/2019,12:35.1, 000:05:40.084,1049250
560,1/17/2019,12:35.4, 000:05:40.347,2097830
561,1/17/2019,12:35.5, 000:05:40.458,2097826
562,1/17/2019,12:35.8, 000:05:40.738,4194986
563,1/17/2019,12:39.9, 000:05:44.848,4211370
564,1/17/2019,12:40.8, 000:05:45.775,4194986
565,1/17/2019,12:41.4, 000:05:46.325,4203178
566,1/17/2019,12:42.3, 000:05:47.247,4194986
567,1/17/2019,12:42.8, 000:05:47.781,37546
568,1/17/2019,12:42.9, 000:05:47.858,37514
569,1/17/2019,12:43.1, 000:05:48.005,33418
570,1/17/2019,12:43.2, 000:05:48.152,666
571,1/17/2019,12:43.3, 000:05:48.219,650
572,1/17/2019,12:43.5, 000:05:48.465,682
573,1/17/2019,12:44.5, 000:05:49.468,262826
574,1/17/2019,12:44.6, 000:05:49.578,262824
575,1/17/2019,12:44.9, 000:05:49.806,524969
576,1/17/2019,12:45.0, 000:05:49.935,524968
577,1/17/2019,12:45.2, 000:05:50.189,4194986
578,1/17/2019,12:46.0, 000:05:50.918,4198058
579,1/17/2019,12:47.0, 000:05:51.919,4196010
580,1/17/2019,12:47.0, 000:05:51.954,4194986
581,1/17/2019,12:47.3, 000:05:52.211,4211370
582,1/17/2019,12:48.3, 000:05:53.259,4194986
583,1/17/2019,12:48.8, 000:05:53.697,74410
584,1/17/2019,12:48.8, 000:05:53.775,74282
585,1/17/2019,12:49.0, 000:05:53.918,66090
586,1/17/2019,12:49.1, 000:05:54.039,618
587,1/17/2019,12:49.1, 000:05:54.094,554
588,1/17/2019,12:49.4, 000:05:54.330,682
589,1/17/2019,12:50.4, 000:05:55.332,1049258
590,1/17/2019,12:50.4, 000:05:55.393,1049250
591,1/17/2019,12:50.7, 000:05:55.661,2097830
592,1/17/2019,12:50.8, 000:05:55.774,2097826
593,1/17/2019,12:51.1, 000:05:56.054,4194986
594,1/17/2019,12:53.8, 000:05:58.791,4196010
595,1/17/2019,12:54.9, 000:05:59.863,4194986
596,1/17/2019,12:55.2, 000:06:00.100,148138
597,1/17/2019,12:55.2, 000:06:00.146,147626
598,1/17/2019,12:55.4, 000:06:00.306,131242
599,1/17/2019,12:55.5, 000:06:00.422,426
600,1/17/2019,12:55.5, 000:06:00.481,170
601,1/17/2019,12:55.8, 000:06:00.723,682
602,1/17/2019,12:56.8, 000:06:01.725,262826
603,1/17/2019,12:56.9, 000:06:01.833,262824
604,1/17/2019,12:57.1, 000:06:02.065,524969
605,1/17/2019,12:57.3, 000:06:02.196,524968
606,1/17/2019,12:57.5, 000:06:02.454,4194986
607,1/17/2019,12:58.2, 000:06:03.182,4196010
608,1/17/2019,12:58.3, 000:06:03.198,4198058
609,1/17/2019,12:59.1, 000:06:04.044,4196010
610,1/17/2019,12:59.2, 000:06:04.117,4194986
611,1/17/2019,12:59.2, 000:06:04.141,4196010
612,1/17/2019,12:59.3, 000:06:04.226,4194986
613,1/17/2019,12:59.5, 000:06:04.494,4211370
614,1/17/2019,13:00.6, 000:06:05.538,4194986
615,1/17/2019,13:01.0, 000:06:05.977,74410
616,1/17/2019,13:01.1, 000:06:06.053,74282
617,1/17/2019,13:01.2, 000:06:06.136,66090
618,1/17/2019,13:01.2, 000:06:06.167,74282
619,1/17/2019,13:01.2, 000:06:06.184,66090
620,1/17/2019,13:01.4, 000:06:06.317,618
621,1/17/2019,13:01.4, 000:06:06.373,554
622,1/17/2019,13:01.7, 000:06:06.609,682
623,1/17/2019,13:02.7, 000:06:07.612,1049258
624,1/17/2019,13:02.7, 000:06:07.673,1049250
625,1/17/2019,13:03.0, 000:06:07.940,2097830
626,1/17/2019,13:03.1, 000:06:08.051,2097826
627,1/17/2019,13:03.4, 000:06:08.331,4194986
628,1/17/2019,13:07.5, 000:06:12.431,4211370
629,1/17/2019,13:08.4, 000:06:13.361,4194986
630,1/17/2019,13:09.0, 000:06:13.900,4203178
631,1/17/2019,13:09.9, 000:06:14.832,4194986
632,1/17/2019,13:10.4, 000:06:15.360,37546
633,1/17/2019,13:10.5, 000:06:15.439,37514
634,1/17/2019,13:10.7, 000:06:15.600,33418
635,1/17/2019,13:10.8, 000:06:15.731,666
636,1/17/2019,13:10.9, 000:06:15.797,650
637,1/17/2019,13:11.1, 000:06:16.044,682
638,1/17/2019,13:12.1, 000:06:17.046,262826
639,1/17/2019,13:12.2, 000:06:17.156,262824
640,1/17/2019,13:12.4, 000:06:17.393,524969
641,1/17/2019,13:12.6, 000:06:17.525,524968
642,1/17/2019,13:12.8, 000:06:17.781,4194986
643,1/17/2019,13:13.6, 000:06:18.535,4197034
644,1/17/2019,13:13.7, 000:06:18.617,4198058
645,1/17/2019,13:13.7, 000:06:18.648,4197034
646,1/17/2019,13:13.8, 000:06:18.745,4198058
647,1/17/2019,13:14.4, 000:06:19.369,4197034
648,1/17/2019,13:14.5, 000:06:19.475,4194986
649,1/17/2019,13:14.9, 000:06:19.838,4211370
650,1/17/2019,13:15.9, 000:06:20.857,4194986
651,1/17/2019,13:16.4, 000:06:21.347,74410
652,1/17/2019,13:16.5, 000:06:21.427,74282
653,1/17/2019,13:16.7, 000:06:21.628,66090
654,1/17/2019,13:16.7, 000:06:21.690,618
655,1/17/2019,13:16.8, 000:06:21.745,554
656,1/17/2019,13:17.0, 000:06:21.981,682
657,1/17/2019,13:18.0, 000:06:22.983,1049258
658,1/17/2019,13:18.1, 000:06:23.048,1049250
659,1/17/2019,13:18.4, 000:06:23.315,2097830
660,1/17/2019,13:18.5, 000:06:23.436,2097826
661,1/17/2019,13:18.8, 000:06:23.715,4194986
662,1/17/2019,13:21.5, 000:06:26.452,4196010
663,1/17/2019,13:22.6, 000:06:27.521,4194986
664,1/17/2019,13:22.8, 000:06:27.760,148138
665,1/17/2019,13:22.9, 000:06:27.802,147626
666,1/17/2019,13:23.0, 000:06:27.975,131242
667,1/17/2019,13:23.1, 000:06:28.081,426
668,1/17/2019,13:23.2, 000:06:28.138,170
669,1/17/2019,13:23.4, 000:06:28.381,682
670,1/17/2019,13:24.4, 000:06:29.383,262826
671,1/17/2019,13:24.5, 000:06:29.490,262824
672,1/17/2019,13:24.8, 000:06:29.727,524969
673,1/17/2019,13:24.9, 000:06:29.860,524968
674,1/17/2019,13:25.2, 000:06:30.113,4194986
675,1/17/2019,13:25.9, 000:06:30.835,4197034
676,1/17/2019,13:26.9, 000:06:31.843,4196010
677,1/17/2019,13:26.9, 000:06:31.880,4194986
678,1/17/2019,13:27.2, 000:06:32.139,4211370
679,1/17/2019,13:28.2, 000:06:33.187,4194986
680,1/17/2019,13:28.7, 000:06:33.619,74410
681,1/17/2019,13:28.8, 000:06:33.696,74282
682,1/17/2019,13:28.9, 000:06:33.807,66090
683,1/17/2019,13:28.9, 000:06:33.823,74282
684,1/17/2019,13:28.9, 000:06:33.843,66090
685,1/17/2019,13:29.0, 000:06:33.960,618
686,1/17/2019,13:29.1, 000:06:34.016,554
687,1/17/2019,13:29.3, 000:06:34.252,682
688,1/17/2019,13:30.3, 000:06:35.255,1049258
689,1/17/2019,13:30.4, 000:06:35.316,1049250
690,1/17/2019,13:30.6, 000:06:35.584,2097830
691,1/17/2019,13:30.8, 000:06:35.697,2097826
692,1/17/2019,13:31.0, 000:06:35.980,4194986
693,1/17/2019,13:33.8, 000:06:38.699,4196010
694,1/17/2019,13:34.8, 000:06:39.775,4194986
695,1/17/2019,13:35.1, 000:06:40.014,148138
696,1/17/2019,13:35.1, 000:06:40.052,147626
697,1/17/2019,13:35.3, 000:06:40.226,131242
698,1/17/2019,13:35.4, 000:06:40.333,426
699,1/17/2019,13:35.4, 000:06:40.392,170
700,1/17/2019,13:35.7, 000:06:40.635,682
701,1/17/2019,13:36.7, 000:06:41.637,262826
702,1/17/2019,13:36.8, 000:06:41.744,262824
703,1/17/2019,13:37.0, 000:06:41.986,524969
704,1/17/2019,13:37.2, 000:06:42.120,524968
705,1/17/2019,13:37.4, 000:06:42.374,4194986
706,1/17/2019,13:38.2, 000:06:43.098,4196010
707,1/17/2019,13:38.5, 000:06:43.490,4198058
708,1/17/2019,13:39.1, 000:06:44.034,4196010
709,1/17/2019,13:39.2, 000:06:44.113,4194986
710,1/17/2019,13:39.4, 000:06:44.392,4211370
711,1/17/2019,13:40.5, 000:06:45.407,4194986
712,1/17/2019,13:40.9, 000:06:45.883,74410
713,1/17/2019,13:41.0, 000:06:45.954,74282
714,1/17/2019,13:41.2, 000:06:46.129,66090
715,1/17/2019,13:41.3, 000:06:46.223,618
716,1/17/2019,13:41.3, 000:06:46.279,554
717,1/17/2019,13:41.6, 000:06:46.516,682
718,1/17/2019,13:42.6, 000:06:47.519,1049258
719,1/17/2019,13:42.6, 000:06:47.578,1049250
720,1/17/2019,13:42.9, 000:06:47.848,2097830
721,1/17/2019,13:43.0, 000:06:47.961,2097826
722,1/17/2019,13:43.3, 000:06:48.238,4194986
723,1/17/2019,13:47.4, 000:06:52.344,4211370
724,1/17/2019,13:48.3, 000:06:53.277,4194986
725,1/17/2019,13:48.9, 000:06:53.820,4203178
726,1/17/2019,13:49.8, 000:06:54.752,4194986
727,1/17/2019,13:50.3, 000:06:55.274,37546
728,1/17/2019,13:50.4, 000:06:55.354,37514
729,1/17/2019,13:50.6, 000:06:55.506,33418
730,1/17/2019,13:50.7, 000:06:55.645,666
731,1/17/2019,13:50.8, 000:06:55.711,650
732,1/17/2019,13:51.0, 000:06:55.957,682
733,1/17/2019,13:52.0, 000:06:56.960,262826
734,1/17/2019,13:52.1, 000:06:57.067,262824
735,1/17/2019,13:52.4, 000:06:57.299,524969
736,1/17/2019,13:52.5, 000:06:57.431,524968
737,1/17/2019,13:52.7, 000:06:57.684,4194986
738,1/17/2019,13:53.5, 000:06:58.414,4197034
739,1/17/2019,13:53.5, 000:06:58.429,4198058
740,1/17/2019,13:54.4, 000:06:59.340,4196010
741,1/17/2019,13:54.5, 000:06:59.468,4194986
742,1/17/2019,13:54.8, 000:06:59.732,4211370
743,1/17/2019,13:55.8, 000:07:00.780,4194986
744,1/17/2019,13:56.3, 000:07:01.217,74410
745,1/17/2019,13:56.3, 000:07:01.290,74282
746,1/17/2019,13:56.4, 000:07:01.376,66090
747,1/17/2019,13:56.6, 000:07:01.558,618
748,1/17/2019,13:56.7, 000:07:01.612,554
749,1/17/2019,13:56.9, 000:07:01.849,682
750,1/17/2019,13:57.9, 000:07:02.851,1049258
751,1/17/2019,13:58.0, 000:07:02.920,1049250
752,1/17/2019,13:58.2, 000:07:03.184,2097830
753,1/17/2019,13:58.4, 000:07:03.301,2097826
754,1/17/2019,13:58.6, 000:07:03.579,4194986
755,1/17/2019,14:01.4, 000:07:06.306,4196010
756,1/17/2019,14:02.4, 000:07:07.373,4194986
757,1/17/2019,14:02.7, 000:07:07.609,148138
758,1/17/2019,14:02.7, 000:07:07.649,147626
759,1/17/2019,14:02.9, 000:07:07.834,131242
760,1/17/2019,14:03.0, 000:07:07.928,426
761,1/17/2019,14:03.0, 000:07:07.986,170
762,1/17/2019,14:03.3, 000:07:08.230,682
763,1/17/2019,14:04.3, 000:07:09.232,262826
764,1/17/2019,14:04.4, 000:07:09.340,262824
765,1/17/2019,14:04.6, 000:07:09.574,524969
766,1/17/2019,14:04.8, 000:07:09.705,524968
767,1/17/2019,14:05.0, 000:07:09.962,4194986
768,1/17/2019,14:05.7, 000:07:10.671,4196010
769,1/17/2019,14:06.6, 000:07:11.582,4196010
770,1/17/2019,14:06.8, 000:07:11.713,4194986
771,1/17/2019,14:07.0, 000:07:11.980,4211370
772,1/17/2019,14:08.1, 000:07:13.021,4194986
773,1/17/2019,14:08.5, 000:07:13.460,74410
774,1/17/2019,14:08.6, 000:07:13.533,74282
775,1/17/2019,14:08.7, 000:07:13.628,66090
776,1/17/2019,14:08.9, 000:07:13.800,618
777,1/17/2019,14:08.9, 000:07:13.857,554
778,1/17/2019,14:09.1, 000:07:14.093,682
779,1/17/2019,14:10.1, 000:07:15.095,1049258
780,1/17/2019,14:10.2, 000:07:15.159,1049250
781,1/17/2019,14:10.5, 000:07:15.422,2097830
782,1/17/2019,14:10.6, 000:07:15.536,2097826
783,1/17/2019,14:10.9, 000:07:15.815,4194986
784,1/17/2019,14:15.0, 000:07:19.933,4211370
785,1/17/2019,14:15.9, 000:07:20.857,4194986
786,1/17/2019,14:16.5, 000:07:21.402,4203178
787,1/17/2019,14:17.4, 000:07:22.332,4194986
788,1/17/2019,14:17.9, 000:07:22.860,37546
789,1/17/2019,14:18.0, 000:07:22.937,37514
790,1/17/2019,14:18.1, 000:07:23.087,33418
791,1/17/2019,14:18.3, 000:07:23.231,666
792,1/17/2019,14:18.4, 000:07:23.297,650
793,1/17/2019,14:18.6, 000:07:23.544,682
794,1/17/2019,14:19.6, 000:07:24.546,262826
795,1/17/2019,14:19.7, 000:07:24.652,262824
796,1/17/2019,14:19.9, 000:07:24.878,524969
797,1/17/2019,14:20.1, 000:07:25.009,524968
798,1/17/2019,14:20.3, 000:07:25.266,4194986
799,1/17/2019,14:21.1, 000:07:26.030,4197034
800,1/17/2019,14:21.3, 000:07:26.214,4198058
801,1/17/2019,14:21.9, 000:07:26.831,4197034
802,1/17/2019,14:21.9, 000:07:26.846,4194986
803,1/17/2019,14:22.0, 000:07:26.909,4196010
804,1/17/2019,14:22.0, 000:07:26.975,4194986
805,1/17/2019,14:22.4, 000:07:27.308,4211370
806,1/17/2019,14:23.4, 000:07:28.323,4194986
807,1/17/2019,14:23.9, 000:07:28.815,74410
808,1/17/2019,14:23.9, 000:07:28.886,74282
809,1/17/2019,14:24.1, 000:07:29.088,66090
810,1/17/2019,14:24.2, 000:07:29.156,618
811,1/17/2019,14:24.3, 000:07:29.212,554
812,1/17/2019,14:24.5, 000:07:29.449,682
813,1/17/2019,14:25.5, 000:07:30.452,1049258
814,1/17/2019,14:25.6, 000:07:30.513,1049250
815,1/17/2019,14:25.8, 000:07:30.777,2097830
816,1/17/2019,14:25.9, 000:07:30.889,2097826
817,1/17/2019,14:26.2, 000:07:31.167,4194986
818,1/17/2019,14:30.3, 000:07:35.272,4211370
819,1/17/2019,14:31.3, 000:07:36.205,4194986
820,1/17/2019,14:31.8, 000:07:36.753,4203178
821,1/17/2019,14:32.7, 000:07:37.678,4194986
822,1/17/2019,14:33.3, 000:07:38.205,37546
823,1/17/2019,14:33.3, 000:07:38.284,37514
824,1/17/2019,14:33.5, 000:07:38.431,33418
825,1/17/2019,14:33.6, 000:07:38.576,666
826,1/17/2019,14:33.7, 000:07:38.643,650
827,1/17/2019,14:33.9, 000:07:38.890,682
828,1/17/2019,14:34.9, 000:07:39.892,262826
829,1/17/2019,14:35.1, 000:07:40.000,262824
830,1/17/2019,14:35.3, 000:07:40.235,524969
831,1/17/2019,14:35.4, 000:07:40.366,524968
832,1/17/2019,14:35.7, 000:07:40.620,4194986
833,1/17/2019,14:36.4, 000:07:41.333,4197034
834,1/17/2019,14:37.4, 000:07:42.323,4196010
835,1/17/2019,14:37.4, 000:07:42.386,4194986
836,1/17/2019,14:37.7, 000:07:42.649,4211370
837,1/17/2019,14:38.7, 000:07:43.694,4194986
838,1/17/2019,14:39.2, 000:07:44.130,74410
839,1/17/2019,14:39.3, 000:07:44.206,74282
840,1/17/2019,14:39.3, 000:07:44.295,66090
841,1/17/2019,14:39.5, 000:07:44.471,618
842,1/17/2019,14:39.6, 000:07:44.526,554
843,1/17/2019,14:39.8, 000:07:44.763,682
844,1/17/2019,14:40.8, 000:07:45.766,1049258
845,1/17/2019,14:40.9, 000:07:45.828,1049250
846,1/17/2019,14:41.1, 000:07:46.093,2097830
847,1/17/2019,14:41.3, 000:07:46.208,2097826
848,1/17/2019,14:41.5, 000:07:46.486,4194986
849,1/17/2019,14:44.3, 000:07:49.226,4196010
850,1/17/2019,14:45.3, 000:07:50.292,4194986
851,1/17/2019,14:45.6, 000:07:50.535,148138
852,1/17/2019,14:45.6, 000:07:50.578,147626
853,1/17/2019,14:45.8, 000:07:50.732,131242
854,1/17/2019,14:45.9, 000:07:50.855,426
855,1/17/2019,14:46.0, 000:07:50.914,170
856,1/17/2019,14:46.2, 000:07:51.157,682
857,1/17/2019,14:47.2, 000:07:52.159,262826
858,1/17/2019,14:47.3, 000:07:52.263,262824
859,1/17/2019,14:47.6, 000:07:52.515,524969
860,1/17/2019,14:47.7, 000:07:52.647,524968
861,1/17/2019,14:48.0, 000:07:52.901,4194986
862,1/17/2019,14:48.7, 000:07:53.619,4196010
863,1/17/2019,14:49.2, 000:07:54.195,4198058
864,1/17/2019,14:49.6, 000:07:54.587,4196010
865,1/17/2019,14:50.0, 000:07:54.905,4211370
866,1/17/2019,14:51.0, 000:07:55.925,4194986
867,1/17/2019,14:51.4, 000:07:56.392,74410
868,1/17/2019,14:51.5, 000:07:56.463,74282
869,1/17/2019,14:51.7, 000:07:56.613,66090
870,1/17/2019,14:51.8, 000:07:56.733,618
871,1/17/2019,14:51.8, 000:07:56.789,554
872,1/17/2019,14:52.1, 000:07:57.026,682
873,1/17/2019,14:53.1, 000:07:58.028,1049258
874,1/17/2019,14:53.1, 000:07:58.093,1049250
875,1/17/2019,14:53.4, 000:07:58.358,2097830
876,1/17/2019,14:53.5, 000:07:58.470,2097826
877,1/17/2019,14:53.8, 000:07:58.748,4194986
878,1/17/2019,14:57.9, 000:08:02.860,4211370
879,1/17/2019,14:58.8, 000:08:03.784,4194986
880,1/17/2019,14:59.4, 000:08:04.334,4203178
881,1/17/2019,15:00.3, 000:08:05.251,4194986
882,1/17/2019,15:00.8, 000:08:05.785,37546
883,1/17/2019,15:00.9, 000:08:05.870,37514
884,1/17/2019,15:01.0, 000:08:05.993,33418
885,1/17/2019,15:01.2, 000:08:06.159,666
886,1/17/2019,15:01.3, 000:08:06.224,650
887,1/17/2019,15:01.5, 000:08:06.471,682
888,1/17/2019,15:02.5, 000:08:07.474,262826
889,1/17/2019,15:02.6, 000:08:07.579,262824
890,1/17/2019,15:02.9, 000:08:07.811,524969
891,1/17/2019,15:03.0, 000:08:07.941,524968
892,1/17/2019,15:03.3, 000:08:08.196,4194986
893,1/17/2019,15:04.0, 000:08:08.927,4197034
894,1/17/2019,15:04.8, 000:08:09.720,4196010
895,1/17/2019,15:05.0, 000:08:09.979,4194986
896,1/17/2019,15:05.3, 000:08:10.245,4211370
897,1/17/2019,15:06.3, 000:08:11.289,4194986
898,1/17/2019,15:06.8, 000:08:11.723,74410
899,1/17/2019,15:06.9, 000:08:11.803,74282
900,1/17/2019,15:07.0, 000:08:11.937,66090
901,1/17/2019,15:07.1, 000:08:12.067,618
902,1/17/2019,15:07.2, 000:08:12.123,554
903,1/17/2019,15:07.4, 000:08:12.360,682
904,1/17/2019,15:08.4, 000:08:13.363,1049258
905,1/17/2019,15:08.5, 000:08:13.429,1049250
906,1/17/2019,15:08.7, 000:08:13.694,2097830
907,1/17/2019,15:08.9, 000:08:13.812,2097826
908,1/17/2019,15:09.1, 000:08:14.093,4194986
909,1/17/2019,15:11.9, 000:08:16.826,4196010
910,1/17/2019,15:13.0, 000:08:17.896,4194986
911,1/17/2019,15:13.2, 000:08:18.134,148138
912,1/17/2019,15:13.2, 000:08:18.176,147626
913,1/17/2019,15:13.4, 000:08:18.351,131242
914,1/17/2019,15:13.5, 000:08:18.454,426
915,1/17/2019,15:13.6, 000:08:18.513,170
916,1/17/2019,15:13.8, 000:08:18.755,682
917,1/17/2019,15:14.8, 000:08:19.757,262826
918,1/17/2019,15:14.9, 000:08:19.860,262824
919,1/17/2019,15:15.2, 000:08:20.102,524969
920,1/17/2019,15:15.3, 000:08:20.233,524968
921,1/17/2019,15:15.5, 000:08:20.492,4194986
922,1/17/2019,15:16.2, 000:08:21.190,4197034
923,1/17/2019,15:17.1, 000:08:22.026,4196010
924,1/17/2019,15:17.2, 000:08:22.128,4194986
925,1/17/2019,15:17.2, 000:08:22.160,4196010
926,1/17/2019,15:17.3, 000:08:22.242,4194986
927,1/17/2019,15:17.6, 000:08:22.511,4211370
928,1/17/2019,15:18.6, 000:08:23.558,4194986
929,1/17/2019,15:19.0, 000:08:23.996,74410
930,1/17/2019,15:19.1, 000:08:24.074,74282
931,1/17/2019,15:19.3, 000:08:24.222,66090
932,1/17/2019,15:19.4, 000:08:24.338,618
933,1/17/2019,15:19.4, 000:08:24.393,554
934,1/17/2019,15:19.7, 000:08:24.631,682
935,1/17/2019,15:20.7, 000:08:25.633,1049258
936,1/17/2019,15:20.8, 000:08:25.697,1049250
937,1/17/2019,15:21.0, 000:08:25.966,2097830
938,1/17/2019,15:21.1, 000:08:26.081,2097826
939,1/17/2019,15:21.4, 000:08:26.362,4194986
940,1/17/2019,15:24.2, 000:08:29.110,4196010
941,1/17/2019,15:25.2, 000:08:30.185,4194986
942,1/17/2019,15:25.5, 000:08:30.423,148138
943,1/17/2019,15:25.5, 000:08:30.461,147626
944,1/17/2019,15:25.7, 000:08:30.634,131242
945,1/17/2019,15:25.8, 000:08:30.742,426
946,1/17/2019,15:25.9, 000:08:30.801,170
947,1/17/2019,15:26.1, 000:08:31.045,682
948,1/17/2019,15:27.1, 000:08:32.047,262826
949,1/17/2019,15:27.2, 000:08:32.156,262824
950,1/17/2019,15:27.4, 000:08:32.395,524969
951,1/17/2019,15:27.6, 000:08:32.526,524968
952,1/17/2019,15:27.8, 000:08:32.782,4194986
953,1/17/2019,15:28.7, 000:08:33.610,4197034
954,1/17/2019,15:28.8, 000:08:33.738,4198058
955,1/17/2019,15:29.4, 000:08:34.372,4197034
956,1/17/2019,15:29.6, 000:08:34.531,4194986
957,1/17/2019,15:29.9, 000:08:34.816,4211370
958,1/17/2019,15:30.9, 000:08:35.830,4194986
959,1/17/2019,15:31.4, 000:08:36.310,74410
960,1/17/2019,15:31.4, 000:08:36.390,74282
961,1/17/2019,15:31.6, 000:08:36.550,66090
962,1/17/2019,15:31.7, 000:08:36.653,618
963,1/17/2019,15:31.8, 000:08:36.709,554
964,1/17/2019,15:32.0, 000:08:36.946,682
965,1/17/2019,15:33.0, 000:08:37.948,1049258
966,1/17/2019,15:33.1, 000:08:38.012,1049250
967,1/17/2019,15:33.3, 000:08:38.279,2097830
968,1/17/2019,15:33.4, 000:08:38.394,2097826
969,1/17/2019,15:33.7, 000:08:38.674,4194986
970,1/17/2019,15:37.8, 000:08:42.767,4211370
971,1/17/2019,15:38.8, 000:08:43.702,4194986
972,1/17/2019,15:39.3, 000:08:44.244,4203178
973,1/17/2019,15:40.2, 000:08:45.175,4194986
974,1/17/2019,15:40.8, 000:08:45.698,37546
975,1/17/2019,15:40.8, 000:08:45.786,37514
976,1/17/2019,15:40.9, 000:08:45.866,33418
977,1/17/2019,15:41.1, 000:08:46.072,666
978,1/17/2019,15:41.2, 000:08:46.136,650
979,1/17/2019,15:41.4, 000:08:46.384,682
980,1/17/2019,15:42.4, 000:08:47.386,262826
981,1/17/2019,15:42.6, 000:08:47.499,262824
982,1/17/2019,15:42.8, 000:08:47.726,524969
983,1/17/2019,15:42.9, 000:08:47.857,524968
984,1/17/2019,15:43.2, 000:08:48.111,4194986
985,1/17/2019,15:43.9, 000:08:48.850,4196010
986,1/17/2019,15:43.9, 000:08:48.873,4198058
987,1/17/2019,15:44.9, 000:08:49.857,4196010
988,1/17/2019,15:44.9, 000:08:49.894,4194986
989,1/17/2019,15:45.2, 000:08:50.145,4211370
990,1/17/2019,15:46.2, 000:08:51.190,4194986
991,1/17/2019,15:46.7, 000:08:51.628,74410
992,1/17/2019,15:46.8, 000:08:51.713,74282
993,1/17/2019,15:46.9, 000:08:51.861,66090
994,1/17/2019,15:47.0, 000:08:51.971,618
995,1/17/2019,15:47.1, 000:08:52.028,554
996,1/17/2019,15:47.3, 000:08:52.264,682
997,1/17/2019,15:48.3, 000:08:53.267,1049258
998,1/17/2019,15:48.4, 000:08:53.330,1049250
999,1/17/2019,15:48.6, 000:08:53.595,2097830
1000,1/17/2019,15:48.8, 000:08:53.708,2097826
1001,1/17/2019,15:49.0, 000:08:53.990,4194986
1002,1/17/2019,15:51.8, 000:08:56.719,4196010
1003,1/17/2019,15:52.8, 000:08:57.792,4194986
1004,1/17/2019,15:53.1, 000:08:58.030,148138
1005,1/17/2019,15:53.1, 000:08:58.072,147626
1006,1/17/2019,15:53.3, 000:08:58.231,131242
1007,1/17/2019,15:53.4, 000:08:58.350,426
1008,1/17/2019,15:53.5, 000:08:58.410,170
1009,1/17/2019,15:53.7, 000:08:58.654,682
//END,,,,
